"https://att0nliine.weebly.com/	"
http://gulliver.ma/update/dhl/source/index.php
https://smbc-card.wzhyxx.com/confirm/landing.html
http://losjes-events.nl/.bit-flyer/
https://portale-dati-creval.com/
https://dellivery-safe.net/ipko1613485274469224
https://smbc-card.wzhyxx.com/
http://rakucxtnn.co.jp.wjni90yj.cc/
http://pl-paysecure.site/
https://xakac80863.wixsite.com/my-site
https://rakutenyuml.lumxawe-pou.net/
https://rakutenyuml.lumxawe-pou.com/
http://mdflandres.com/balouteli/
http://gulfsynergy.ram-fsip.com/doneds/ing/
https://oviendooreal.com/next2.php
https://mycompositi.com/5698/
http://basqfar.maninfinity.com/bavchjs
https://portale-dati-creval.com/
